Workbook

Sheet Sheet4
A1: DNI (W/m2) | B1: DHI (W/m2)
A2: {=SUM(Population!$B$2:$K$2*DNI!A2:J2)/SUM(Population!$B$2:$K$2)/3.6} -> 0 | B2: {=SUM(Population!$B$2:$K$2*DHI!A2:J2)/SUM(Population!$B$2:$K$2)/3.6} -> 0
A3: {=SUM(Population!$B$2:$K$2*DNI!A3:J3)/SUM(Population!$B$2:$K$2)/3.6} -> 0 | B3: {=SUM(Population!$B$2:$K$2*DHI!A3:J3)/SUM(Population!$B$2:$K$2)/3.6} -> 0
A4: {=SUM(Population!$B$2:$K$2*DNI!A4:J4)/SUM(Population!$B$2:$K$2)/3.6} -> 0 | B4: {=SUM(Population!$B$2:$K$2*DHI!A4:J4)/SUM(Population!$B$2:$K$2)/3.6} -> 0
A5: {=SUM(Population!$B$2:$K$2*DNI!A5:J5)/SUM(Population!$B$2:$K$2)/3.6} -> 0 | B5: {=SUM(Population!$B$2:$K$2*DHI!A5:J5)/SUM(Population!$B$2:$K$2)/3.6} -> 0
A6: {=SUM(Population!$B$2:$K$2*DNI!A6:J6)/SUM(Population!$B$2:$K$2)/3.6} -> 0 | B6: {=SUM(Population!$B$2:$K$2*DHI!A6:J6)/SUM(Population!$B$2:$K$2)/3.6} -> 0
A7: {=SUM(Population!$B$2:$K$2*DNI!A7:J7)/SUM(Population!$B$2:$K$2)/3.6} -> 0 | B7: {=SUM(Population!$B$2:$K$2*DHI!A7:J7)/SUM(Population!$B$2:$K$2)/3.6} -> 0
A8: {=SUM(Population!$B$2:$K$2*DNI!A8:J8)/SUM(Population!$B$2:$K$2)/3.6} -> 0 | B8: {=SUM(Population!$B$2:$K$2*DHI!A8:J8)/SUM(Population!$B$2:$K$2)/3.6} -> 0
A9: {=SUM(Population!$B$2:$K$2*DNI!A9:J9)/SUM(Population!$B$2:$K$2)/3.6} -> 0.13375774 | B9: {=SUM(Population!$B$2:$K$2*DHI!A9:J9)/SUM(Population!$B$2:$K$2)/3.6} -> 0.15053561
A10: {=SUM(Population!$B$2:$K$2*DNI!A10:J10)/SUM(Population!$B$2:$K$2)/3.6} -> 229.38251 | B10: {=SUM(Population!$B$2:$K$2*DHI!A10:J10)/SUM(Population!$B$2:$K$2)/3.6} -> 24.820903
A11: {=SUM(Population!$B$2:$K$2*DNI!A11:J11)/SUM(Population!$B$2:$K$2)/3.6} -> 297.23242 | B11: {=SUM(Population!$B$2:$K$2*DHI!A11:J11)/SUM(Population!$B$2:$K$2)/3.6} -> 88.708689
A12: {=SUM(Population!$B$2:$K$2*DNI!A12:J12)/SUM(Population!$B$2:$K$2)/3.6} -> 249.44823 | B12: {=SUM(Population!$B$2:$K$2*DHI!A12:J12)/SUM(Population!$B$2:$K$2)/3.6} -> 113.59987
A13: {=SUM(Population!$B$2:$K$2*DNI!A13:J13)/SUM(Population!$B$2:$K$2)/3.6} -> 481.92458 | B13: {=SUM(Population!$B$2:$K$2*DHI!A13:J13)/SUM(Population!$B$2:$K$2)/3.6} -> 116.57785
... A8761: {=SUM(Population!$B$2:$K$2*DNI!A8761:J8761)/SUM(Population!$B$2:$K$2)/3.6} -> 0 | B8761: {=SUM(Population!$B$2:$K$2*DHI!A8761:J8761)/SUM(Population!$B$2:$K$2)/3.6} -> 0

Sheet Population
A1: City | B1: Toronto | C1: Ottawa - Gatineau | D1: Hamilton | E1: Kitchener | F1: London | G1: Oshawa | H1: Windsor | I1: St. Catherines - Niagara Falls | J1: Barrie | K1: Guelph
A2: Population | B2: 5647656 | C2: 1068821 | D2: 729560 | E2: 522888 | F2: 423369 | G2: 335949 | H2: 306519 | I2: 242460 | J2: 154676 | K2: 144356

Sheet DNI
A1: Toronto | B1: Ottawa - Gatineau | C1: Hamilton | D1: Kitchener | E1: London | F1: Oshawa | G1: Windsor | H1: St. Catherines - Niagara Falls | I1: Barrie | J1: Guelph
A2: 0 | B2: 0 | C2: 0 | D2: 0 | E2: 0 | F2: 0 | G2: 0 | H2: 0 | I2: 0 | J2: 0
A3: 0 | B3: 0 | C3: 0 | D3: 0 | E3: 0 | F3: 0 | G3: 0 | H3: 0 | I3: 0 | J3: 0
A4: 0 | B4: 0 | C4: 0 | D4: 0 | E4: 0 | F4: 0 | G4: 0 | H4: 0 | I4: 0 | J4: 0
A5: 0 | B5: 0 | C5: 0 | D5: 0 | E5: 0 | F5: 0 | G5: 0 | H5: 0 | I5: 0 | J5: 0
A6: 0 | B6: 0 | C6: 0 | D6: 0 | E6: 0 | F6: 0 | G6: 0 | H6: 0 | I6: 0 | J6: 0
A7: 0 | B7: 0 | C7: 0 | D7: 0 | E7: 0 | F7: 0 | G7: 0 | H7: 0 | I7: 0 | J7: 0
A8: 0 | B8: 0 | C8: 0 | D8: 0 | E8: 0 | F8: 0 | G8: 0 | H8: 0 | I8: 0 | J8: 0
A9: 0 | B9: 4 | C9: 0 | D9: 0 | E9: 0 | F9: 1 | G9: 0 | H9: 0 | I9: 0 | J9: 0
A10: 1243 | B10: 0 | C10: 818 | D10: 0 | E10: 0 | F10: 32 | G10: 0 | H10: 1156 | I10: 0 | J10: 0
A11: 1385 | B11: 0 | C11: 2140 | D11: 146 | E11: 7 | F11: 115 | G11: 620 | H11: 2205 | I11: 0 | J11: 146
A12: 1033 | B12: 0 | C12: 2610 | D12: 4 | E12: 33 | F12: 553 | G12: 0 | H12: 2718 | I12: 0 | J12: 4
A13: 2421 | B13: 0 | C13: 2897 | D13: 7 | E13: 15 | F13: 302 | G13: 0 | H13: 2945 | I13: 7 | J13: 7
... A8761: 0 | B8761: 0 | C8761: 0 | D8761: 0 | E8761: 0 | F8761: 0 | G8761: 0 | H8761: 0 | I8761: 0 | J8761: 0

Sheet DHI
A1: Toronto | B1: Ottawa - Gatineau | C1: Hamilton | D1: Kitchener | E1: London | F1: Oshawa | G1: Windsor | H1: St. Catherines - Niagara Falls | I1: Barrie | J1: Guelph
A2: 0 | B2: 0 | C2: 0 | D2: 0 | E2: 0 | F2: 0 | G2: 0 | H2: 0 | I2: 0 | J2: 0
A3: 0 | B3: 0 | C3: 0 | D3: 0 | E3: 0 | F3: 0 | G3: 0 | H3: 0 | I3: 0 | J3: 0
A4: 0 | B4: 0 | C4: 0 | D4: 0 | E4: 0 | F4: 0 | G4: 0 | H4: 0 | I4: 0 | J4: 0
A5: 0 | B5: 0 | C5: 0 | D5: 0 | E5: 0 | F5: 0 | G5: 0 | H5: 0 | I5: 0 | J5: 0
A6: 0 | B6: 0 | C6: 0 | D6: 0 | E6: 0 | F6: 0 | G6: 0 | H6: 0 | I6: 0 | J6: 0
A7: 0 | B7: 0 | C7: 0 | D7: 0 | E7: 0 | F7: 0 | G7: 0 | H7: 0 | I7: 0 | J7: 0
A8: 0 | B8: 0 | C8: 0 | D8: 0 | E8: 0 | F8: 0 | G8: 0 | H8: 0 | I8: 0 | J8: 0
A9: 0 | B9: 4 | C9: 0 | D9: 0 | E9: 0 | F9: 2 | G9: 0 | H9: 1 | I9: 0 | J9: 0
A10: 86 | B10: 71 | C10: 106 | D10: 96 | E10: 103 | F10: 130 | G10: 83 | H10: 112 | I10: 83 | J10: 96
A11: 364 | B11: 189 | C11: 241 | D11: 302 | E11: 280 | F11: 314 | G11: 370 | H11: 234 | I11: 187 | J11: 302
A12: 474 | B12: 192 | C12: 258 | D12: 410 | E12: 451 | F12: 509 | G12: 355 | H12: 267 | I12: 238 | J12: 410
A13: 438 | B13: 302 | C13: 280 | D13: 489 | E13: 512 | F13: 605 | G13: 427 | H13: 280 | I13: 473 | J13: 489
... A8761: 0 | B8761: 0 | C8761: 0 | D8761: 0 | E8761: 0 | F8761: 0 | G8761: 0 | H8761: 0 | I8761: 0 | J8761: 0
