Workbook

Sheet Demand and existing capacity
A1: Year | B1: 2018 | C1: 2023 | D1: 2025 | E1: 2030 | F1: 2035 | G1: 2040 | H1: 2045 | I1: 2050
A2: Population index | B2: 1 | C2: 1.0743186 | D2: 1.1068653 | E2: 1.1799677 | F2: 1.2445019 | G2: 1.300985 | H2: 1.351346 | I2: 1.3975416
A3: Secondary energy (PJ p.a.) | B3: ='secondary energy'!U13 -> 106.76319 | C3: =$B$3*C2/$B$2 -> 114.69769 | D3: =$B$3*D2/$B$2 -> 118.17247 | E3: =$B$3*E2/$B$2 -> 125.97711 | F3: =$B$3*F2/$B$2 -> 132.86699 | G3: =$B$3*G2/$B$2 -> 138.89731 | H3: =$B$3*H2/$B$2 -> 144.27401 | I3: =$B$3*I2/$B$2 -> 149.206
A4: Demand (PJ p.a.) | B4: =B3*'tech share, eff, unit cap'!$I$4 -> 81.151851 | C4: =$B$4*C2/$B$2 -> 87.182947 | D4: =$B$4*D2/$B$2 -> 89.824167 | E4: =$B$4*E2/$B$2 -> 95.756561 | F4: =$B$4*F2/$B$2 -> 100.99363 | G4: =$B$4*G2/$B$2 -> 105.57734 | H4: =$B$4*H2/$B$2 -> 109.66423 | I4: =$B$4*I2/$B$2 -> 113.41309
D6: Stock (x1000)
A7: Technology | B7: Lifetime (Y) | C7: Share | D7: 2020 | E7: 2023 | F7: Unit cap. (kW) | G7: Existing capacity (GW) | J7: Annual PJ
A8: R_WAH_ELC_MEF | B8: 15 | C8: {=TRANSPOSE('tech share, eff, unit cap'!B3:G3)} -> 0.212 | D8: =C8/SUM($C$8,$C$11,$C$13)*$B$21 -> 1313.6277 | E8: =$E$17/$D$17*D8 -> 1371.2608 | F8: 4 | G8: =F8*E8*1000/1000000 -> 5.4850432 | J8: =G8*8760*3600/1000000 -> 172.97632
A9: R_WAH_NGS_MEF | B9: 14 | C9: 0.641 | D9: =C9/SUM($C$9,$C$10,$C$12)*$B$22 -> 3570.0728 | E9: =$E$17/$D$17*D9 -> 3726.7034 | F9: 11.72284 | G9: =F9*E9*1000/1000000 -> 43.687548 | J9: =G9*8760*3600/1000000 -> 1377.7305
A10: R_WAH_NGS_HEF | B10: 14 | C10: 0.047 | D10: =C10/SUM($C$9,$C$10,$C$12)*$B$22 -> 261.76821 | E10: =$E$17/$D$17*D10 -> 273.25283 | F10: 11.72284 | G10: =F10*E10*1000/1000000 -> 3.2032992 | J10: =G10*8760*3600/1000000 -> 101.01924
A11: R_WAH_ELC_INST | B11: 20 | C11: 0.008 | D11: =C11/SUM($C$8,$C$11,$C$13)*$B$21 -> 49.570857 | E11: =$E$17/$D$17*D11 -> 51.74569 | F11: 3.5 | G11: =F11*E11*1000/1000000 -> 0.18110992 | J11: =G11*8760*3600/1000000 -> 5.7114823
A12: R_WAH_NGS_INST_MEF | B12: 20 | C12: 0.067 | D12: =C12/SUM($C$9,$C$10,$C$12)*$B$22 -> 373.15894 | E12: =$E$17/$D$17*D12 -> 389.53062 | F12: 58.321129 | G12: =F12*E12*1000/1000000 -> 22.717866 | J12: =G12*8760*3600/1000000 -> 716.43062
A13: R_WAH_HP_MEF | B13: 15 | C13: 0.018 | D13: =C13/SUM($C$8,$C$11,$C$13)*$B$21 -> 111.53443 | E13: =$E$17/$D$17*D13 -> 116.4278 | F13: 1.2308982 | G13: =F13*E13*1000/1000000 -> 0.14331077 | J13: =G13*8760*3600/1000000 -> 4.5194485
A14: R_WAH_WOD | B14: 18 | D14: =B26 -> 6.217 | E14: =$E$17/$D$17*D14 -> 6.4897598 | F14: 14.65355 | G14: =F14*E14*1000/1000000 -> 0.09509802 | J14: =G14*8760*3600/1000000 -> 2.9990112
A15: R_WAH_LPG_INST_MEF | B15: 20 | D15: =B25 -> 100.719 | E15: =$E$17/$D$17*D15 -> 105.13787 | F15: 58.321129 | G15: =F15*E15*1000/1000000 -> 6.1317591 | J15: =G15*8760*3600/1000000 -> 193.37115
K16: Annual CF
A17: Population index | D17: 1 | E17: 1.0438732 | I17: Total | J17: =SUM(J8:J15) -> 2574.7578 | K17: =C4/J17 -> 0.03386064
A20: Fuel | B20: 2020 Stock (x1000)
A21: Electricity | B21: =stock!W27 -> 1474.733
A22: Natural Gas | B22: =stock!W28 -> 4205
A23: Heating Oil | B23: =stock!W29 -> 49.126
A24: Steam | B24: =stock!W30 -> 0
A25: Other (LPG) | B25: =stock!W31 -> 100.719
A26: Wood | B26: =stock!W32 -> 6.217

Sheet secondary energy
A5: Residential Sector
A7: Ontario1
A8: Table 10: Water Heating Secondary Energy Use and GHG Emissions by Energy Source
C11: 2000 | D11: 2001 | E11: 2002 | F11: 2003 | G11: 2004 | H11: 2005 | I11: 2006 | J11: 2007 | K11: 2008 | L11: 2009 | M11: 2010 | N11: 2011 | O11: 2012 | P11: 2013 | Q11: 2014 | R11: 2015 | S11: 2016 | T11: 2017 | U11: 2018 | V11: 2019 | W11: 2020
B13: Total Water Heating Energy Use (PJ) | C13: 93.548577 | D13: 97.500247 | E13: 97.089497 | F13: 100.44376 | G13: 100.10953 | H13: 102.55886 | I13: 101.49087 | J13: 103.5391 | K13: 101.2813 | L13: 94.680198 | M13: 95.548124 | N13: 102.08788 | O13: 97.875465 | P13: 98.817547 | Q13: 93.106028 | R13: 98.436769 | S13: 92.204338 | T13: 92.385084 | U13: 106.76319 | V13: 89.627963 | W13: 90.640843
B14: Energy Use by Energy Source (PJ)
B15: Electricity | C15: 15.12985 | D15: 15.221712 | E15: 14.140706 | F15: 14.316025 | G15: 14.6886 | H15: 13.205161 | I15: 12.939526 | J15: 12.294663 | K15: 12.331109 | L15: 12.605254 | M15: 12.599548 | N15: 12.024031 | O15: 12.374077 | P15: 12.174633 | Q15: 11.813209 | R15: 11.851432 | S15: 10.79388 | T15: 10.725239 | U15: 10.306099 | V15: 10.562113 | W15: 10.846247
B16: Natural Gas | C16: 74.338849 | D16: 77.89116 | E16: 78.541114 | F16: 82.005919 | G16: 81.282154 | H16: 84.635025 | I16: 83.447563 | J16: 86.286635 | K16: 84.546764 | L16: 77.406032 | M16: 78.188028 | N16: 85.970065 | O16: 81.433211 | P16: 83.521906 | Q16: 78.889149 | R16: 84.389688 | S16: 79.318445 | T16: 79.853407 | U16: 94.951749 | V16: 77.754943 | W16: 78.427787
B17: Heating Oil | C17: 3.036373 | D17: 3.259531 | E17: 3.408288 | F17: 3.094702 | G17: 3.054402 | H17: 3.515149 | I17: 3.63936 | J17: 3.356831 | K17: 2.846053 | L17: 3.122258 | M17: 3.214308 | N17: 2.410248 | O17: 2.141423 | P17: 1.770943 | Q17: 1.304375 | R17: 1.15278 | S17: 0.807005 | T17: 0.603728 | U17: 0.593342 | V17: 0.47353 | W17: 0.442848
B18: Other2 | C18: 0.259057 | D18: 0.308526 | E18: 0.279464 | F18: 0.326411 | G18: 0.338017 | H18: 0.437292 | I18: 0.579004 | J18: 0.619416 | K18: 0.616691 | L18: 0.582957 | M18: 0.667293 | N18: 0.815161 | O18: 1.098182 | P18: 0.679471 | Q18: 0.584238 | R18: 0.632979 | S18: 0.946856 | T18: 0.929943 | U18: 0.692616 | V18: 0.683753 | W18: 0.785938
B19: Wood | C19: 0.784449 | D19: 0.819319 | E19: 0.719925 | F19: 0.700708 | G19: 0.746362 | H19: 0.766235 | I19: 0.885416 | J19: 0.981554 | K19: 0.940678 | L19: 0.963697 | M19: 0.878946 | N19: 0.868374 | O19: 0.828572 | P19: 0.670593 | Q19: 0.515058 | R19: 0.40989 | S19: 0.338153 | T19: 0.272767 | U19: 0.219383 | V19: 0.153623 | W19: 0.138022
B21: Shares (%)
B22: Electricity | C22: 16.173255 | D22: 15.611972 | E22: 14.56461 | F22: 14.252776 | G22: 14.672528 | H22: 12.87569 | I22: 12.749448 | J22: 11.874416 | K22: 12.17511 | L22: 13.313506 | M22: 13.186599 | N22: 11.778118 | O22: 12.642675 | P22: 12.320315 | Q22: 12.68791 | R22: 12.03964 | S22: 11.706477 | T22: 11.609275 | U22: 9.653233 | V22: 11.784395 | W22: 11.966181
B23: Natural Gas | C23: 79.465505 | D23: 79.888166 | E23: 80.895582 | F23: 81.643614 | G23: 81.193219 | H23: 82.523366 | I23: 82.221744 | J23: 83.337247 | K23: 83.477175 | L23: 81.755249 | M23: 81.831045 | N23: 84.211824 | O23: 83.200841 | P23: 84.521331 | Q23: 84.730442 | R23: 85.729843 | S23: 86.024635 | T23: 86.435389 | U23: 88.936785 | V23: 86.752996 | W23: 86.52588
B24: Heating Oil | C24: 3.245771 | D24: 3.3431 | E24: 3.51046 | F24: 3.081029 | G24: 3.05106 | H24: 3.427445 | I24: 3.585899 | J24: 3.24209 | K24: 2.810048 | L24: 3.297688 | M24: 3.364073 | N24: 2.360954 | O24: 2.187906 | P24: 1.792134 | Q24: 1.400957 | R24: 1.171086 | S24: 0.875235 | T24: 0.653491 | U24: 0.555756 | V24: 0.528329 | W24: 0.488574
B25: Other2 | C25: 0.276922 | D25: 0.316436 | E25: 0.287841 | F25: 0.324969 | G25: 0.337647 | H25: 0.426381 | I25: 0.570499 | J25: 0.598244 | K25: 0.608889 | L25: 0.615712 | M25: 0.698384 | N25: 0.798489 | O25: 1.12202 | P25: 0.687602 | Q25: 0.627497 | R25: 0.643031 | S25: 1.026911 | T25: 1.006595 | U25: 0.648741 | V25: 0.76288 | W25: 0.867091
B26: Wood | C26: 0.838547 | D26: 0.840325 | E26: 0.741506 | F26: 0.697612 | G26: 0.745546 | H26: 0.747117 | I26: 0.87241 | J26: 0.948003 | K26: 0.928778 | L26: 1.017844 | M26: 0.919899 | N26: 0.850614 | O26: 0.846558 | P26: 0.678617 | Q26: 0.553195 | R26: 0.4164 | S26: 0.366743 | T26: 0.29525 | U26: 0.205486 | V26: 0.171401 | W26: 0.152274
B28: Activity
B29: Total Households (thousands) | C29: 4290.9 | D29: 4374.75 | E29: 4450.24 | F29: 4519.01 | G29: 4590.99 | H29: 4673.54 | I29: 4736.82 | J29: 4802.27 | K29: 4878.3 | L29: 4950.67 | M29: 4962.134 | N29: 5023.807 | O29: 5097 | P29: 5136.783 | Q29: 5196 | R29: 5250 | S29: 5322 | T29: 5360 | U29: 5445.5 | V29: 5531 | W29: 5596.218
B31: Energy Intensity (GJ/household) | C31: 21.801621 | D31: 22.287044 | E31: 21.816688 | F31: 22.22694 | G31: 21.805653 | H31: 21.944578 | I31: 21.42595 | J31: 21.560449 | K31: 20.761596 | L31: 19.124724 | M31: 19.25545 | N31: 20.32082 | O31: 19.202564 | P31: 19.237242 | Q31: 17.918789 | R31: 18.749861 | S31: 17.325129 | T31: 17.236023 | U31: 19.605764 | V31: 16.204658 | W31: 16.196802
B34: Total Water Heating GHG Emissions Excluding Electricity (Mt of CO2e) | C34: 3.946289 | D34: 4.136065 | E34: 4.164919 | F34: 4.298032 | G34: 4.253324 | H34: 4.443751 | I34: 4.385495 | J34: 4.510621 | K34: 4.392648 | L34: 4.056115 | M34: 4.10694 | N34: 4.438898 | O34: 4.231237 | P34: 4.283622 | Q34: 3.999441 | R34: 4.263726 | S34: 4.038229 | T34: 4.050073 | U34: 4.760163 | V34: 3.903661 | W34: 3.940469
B35: GHG Emissions by Energy Source (Mt of CO2e)
B36: Electricity | C36: – | D36: – | E36: – | F36: – | G36: – | H36: – | I36: – | J36: – | K36: – | L36: – | M36: – | N36: – | O36: – | P36: – | Q36: – | R36: – | S36: – | T36: – | U36: – | V36: – | W36: –
B37: Natural Gas | C37: 3.697038 | D37: 3.867004 | E37: 3.889451 | F37: 4.042312 | G37: 3.998625 | H37: 4.149709 | I37: 4.071159 | J37: 4.211545 | K37: 4.130998 | L37: 3.776329 | M37: 3.81748 | N37: 4.197656 | O37: 3.992584 | P37: 4.100683 | Q37: 3.859079 | R37: 4.133617 | S37: 3.915159 | T37: 3.943999 | U37: 4.67056 | V37: 3.82467 | W37: 3.857767
B38: Heating Oil | C38: 0.214988 | D38: 0.230953 | E38: 0.241472 | F38: 0.219304 | G38: 0.216501 | H38: 0.249306 | I38: 0.258134 | J38: 0.238146 | K38: 0.201847 | L38: 0.221505 | M38: 0.228012 | N38: 0.170999 | O38: 0.152036 | P38: 0.125638 | Q38: 0.092537 | R38: 0.081773 | S38: 0.057223 | T38: 0.042797 | U38: 0.042094 | V38: 0.033567 | W38: 0.031396
B39: Other2 | C39: 0.015843 | D39: 0.018868 | E39: 0.017091 | F39: 0.019962 | G39: 0.020672 | H39: 0.026743 | I39: 0.03541 | J39: 0.037881 | K39: 0.037714 | L39: 0.035651 | M39: 0.040809 | N39: 0.049852 | O39: 0.06716 | P39: 0.041554 | Q39: 0.03573 | R39: 0.03871 | S39: 0.057906 | T39: 0.056872 | U39: 0.042358 | V39: 0.041816 | W39: 0.048065
B40: Wood | C40: 0.018421 | D40: 0.019239 | E40: 0.016905 | F40: 0.016454 | G40: 0.017526 | H40: 0.017993 | I40: 0.020792 | J40: 0.023049 | K40: 0.022089 | L40: 0.02263 | M40: 0.02064 | N40: 0.020391 | O40: 0.019457 | P40: 0.015747 | Q40: 0.012095 | R40: 0.009625 | S40: 0.007941 | T40: 0.006405 | U40: 0.005152 | V40: 0.003607 | W40: 0.003241
B42: GHG Intensity (tonne/TJ) | C42: 42.184387 | D42: 42.421068 | E42: 42.897732 | F42: 42.790432 | G42: 42.486698 | H42: 43.328786 | I42: 43.210731 | J42: 43.56442 | K42: 43.370776 | L42: 42.840166 | M42: 42.982951 | N42: 43.481145 | O42: 43.230828 | P42: 43.348799 | Q42: 42.95577 | R42: 43.314363 | S42: 43.796515 | T42: 43.839037 | U42: 44.586183 | V42: 43.554048 | W42: 43.473433
B45: Heat Loss (PJ) | C45: 3.268922 | D45: 3.089105 | E45: 3.296797 | F45: 3.708572 | G45: 3.598623 | H45: 3.723803 | I45: 3.319246 | J45: 3.764072 | K45: 3.83251 | L45: 3.63864 | M45: 3.414848 | N45: 3.845567 | O45: 3.360509 | P45: 3.963259 | Q45: 4.087458 | R45: 4.043409 | S45: 3.655963 | T45: 3.841779 | U45: 4.526027 | V45: 3.912167 | W45: 3.479752
A47: 1) Data on GHG emissions are presented excluding GHG emissions related to electricity production only.
A48: 2) “Other” includes coal and propane.

Sheet tech share, eff, unit cap
A1: https://ieso.ca/-/media/Files/IESO/Document-Library/research/Ontario-Residential-End-Use-Survey.ashx | H1: NRCan aggregates stock by fuel, not technology
A2: Tech | B2: Electric tank | C2: Gas tank | D2: Gas tank HEF | E2: Electric instant | F2: Gas instant | G2: Heat pump | H2: Other | I2: Average
A3: Share (2018) | B3: 0.212 | C3: 0.641 | D3: 0.047 | E3: 0.008 | F3: 0.067 | G3: 0.018 | H3: 0.008
A4: Efficiency (2022) (PJ/PJ) | B4: 0.92 | C4: 0.61 | D4: 0.84 | E4: 0.96 | F4: 0.92 | G4: 3.33 | I4: {=SUM(B4:G4*B3:G3)/SUM(B3:G3)} -> 0.76011078
A5: Unit capacity (kW)

Sheet stock
A5: Residential Sector
A7: Ontario
A8: Table 28: Water Heater Stock by Building Type and Energy Source
C11: 2000 | D11: 2001 | E11: 2002 | F11: 2003 | G11: 2004 | H11: 2005 | I11: 2006 | J11: 2007 | K11: 2008 | L11: 2009 | M11: 2010 | N11: 2011 | O11: 2012 | P11: 2013 | Q11: 2014 | R11: 2015 | S11: 2016 | T11: 2017 | U11: 2018 | V11: 2019 | W11: 2020
B13: Total Water Heater Stock (thousands) | C13: 4467.553 | D13: 4534.144 | E13: 4613.028 | F13: 4686.675 | G13: 4767.289 | H13: 4845.367 | I13: 4916.95 | J13: 4978.142 | K13: 5042.746 | L13: 5095.007 | M13: 5153.651 | N13: 5211.112 | O13: 5266.254 | P13: 5321.668 | Q13: 5374.794 | R13: 5443.987 | S13: 5511.758 | T13: 5577.315 | U13: 5668.303 | V13: 5752.217 | W13: 5835.796
B14: Water Heater Stock by Building Type (thousands)
B15: Single Detached | C15: 2526.949 | D15: 2566.514 | E15: 2611.338 | F15: 2655.441 | G15: 2701.032 | H15: 2741.481 | I15: 2778.509 | J15: 2812.05 | K15: 2843.692 | L15: 2865.734 | M15: 2890.378 | N15: 2912.26 | O15: 2935.66 | P15: 2955.864 | Q15: 2975.8 | R15: 2993.051 | S15: 3021.265 | T15: 3046.719 | U15: 3090.839 | V15: 3139.107 | W15: 3175.862
B16: Single Attached | C16: 625.411 | D16: 645.087 | E16: 663.29 | F16: 679.781 | G16: 698.259 | H16: 714.881 | I16: 731.061 | J16: 745.749 | K16: 759.567 | L16: 771.992 | M16: 784.059 | N16: 796.103 | O16: 808.17 | P16: 821.436 | Q16: 833.815 | R16: 844.348 | S16: 856.246 | T16: 870.625 | U16: 887.782 | V16: 901.036 | W16: 916.234
B17: Apartments | C17: 1290.324 | D17: 1297.748 | E17: 1313.516 | F17: 1326.431 | G17: 1342.798 | H17: 1363.65 | I17: 1381.886 | J17: 1394.728 | K17: 1413.762 | L17: 1431.509 | M17: 1453.373 | N17: 1476.855 | O17: 1496.436 | P17: 1518.268 | Q17: 1538.972 | R17: 1580.292 | S17: 1607.85 | T17: 1633.453 | U17: 1663.062 | V17: 1685.378 | W17: 1716.934
B18: Mobile Homes | C18: 24.869 | D18: 24.795 | E18: 24.884 | F18: 25.022 | G18: 25.2 | H18: 25.356 | I18: 25.495 | J18: 25.615 | K18: 25.725 | L18: 25.773 | M18: 25.841 | N18: 25.894 | O18: 25.988 | P18: 26.101 | Q18: 26.207 | R18: 26.296 | S18: 26.398 | T18: 26.518 | U18: 26.62 | V18: 26.696 | W18: 26.766
B20: Shares (%)
B21: Single Detached | C21: 56.562255 | D21: 56.604153 | E21: 56.607896 | F21: 56.65939 | G21: 56.657609 | H21: 56.57943 | I21: 56.508787 | J21: 56.487955 | K21: 56.391737 | L21: 56.245926 | M21: 56.084088 | N21: 55.885584 | O21: 55.744755 | P21: 55.543932 | Q21: 55.365839 | R21: 54.979027 | S21: 54.814898 | T21: 54.626989 | U21: 54.528479 | V21: 54.57212 | W21: 54.420382
B22: Single Attached | C22: 13.998961 | D22: 14.227314 | E22: 14.378624 | F22: 14.504547 | G22: 14.646877 | H22: 14.753906 | I22: 14.86818 | J22: 14.980468 | K22: 15.062566 | L22: 15.151929 | M22: 15.213659 | N22: 15.277027 | O22: 15.346202 | P22: 15.435686 | Q22: 15.513431 | R22: 15.509735 | S22: 15.534897 | T22: 15.610109 | U22: 15.662218 | V22: 15.664151 | W22: 15.70024
B23: Apartments | C23: 28.882119 | D23: 28.621673 | E23: 28.474052 | F23: 28.302176 | G23: 28.166906 | H23: 28.143369 | I23: 28.104529 | J23: 28.017035 | K23: 28.035554 | L23: 28.096303 | M23: 28.200836 | N23: 28.340494 | O23: 28.415564 | P23: 28.529923 | Q23: 28.633131 | R23: 29.028207 | S23: 29.171269 | T23: 29.28744 | U23: 29.339677 | V23: 29.299622 | W23: 29.420732
B24: Mobile Homes | C24: 0.556666 | D24: 0.54686 | E24: 0.539428 | F24: 0.533887 | G24: 0.528608 | H24: 0.523295 | I24: 0.518503 | J24: 0.514541 | K24: 0.510142 | L24: 0.505841 | M24: 0.501416 | N24: 0.496895 | O24: 0.49348 | P24: 0.490459 | Q24: 0.487599 | R24: 0.483031 | S24: 0.478935 | T24: 0.475462 | U24: 0.469627 | V24: 0.464107 | W24: 0.458646
B26: Water Heater Stock by Energy Source (thousands)
B27: Electricity | C27: 1322.737 | D27: 1295.14 | E27: 1288.271 | F27: 1286.46 | G27: 1271.231 | H27: 1252.944 | I27: 1246.019 | J27: 1239.674 | K27: 1265.985 | L27: 1281.32 | M27: 1289.986 | N27: 1308.584 | O27: 1339.542 | P27: 1354.964 | Q27: 1368.443 | R27: 1384.869 | S27: 1399.916 | T27: 1414.002 | U27: 1435.749 | V27: 1455.412 | W27: 1474.733
B28: Natural Gas | C28: 2968.98 | D28: 3051.569 | E28: 3146.422 | F28: 3216.667 | G28: 3307.152 | H28: 3406.769 | I28: 3471.877 | J28: 3529.994 | K28: 3572.119 | L28: 3599.797 | M28: 3656.832 | N28: 3701.612 | O28: 3726.484 | P28: 3783.806 | Q28: 3836.065 | R28: 3896.96 | S28: 3954.369 | T28: 4009.436 | U28: 4078.629 | V28: 4142.171 | W28: 4205
B29: Heating Oil | C29: 132.524 | D29: 137.43 | E29: 128.621 | F29: 127.511 | G29: 131.068 | H29: 126.702 | I29: 133.283 | J29: 137.166 | K29: 136.113 | L29: 141.632 | M29: 136.286 | N29: 127.246 | O29: 122.305 | P29: 106.358 | Q29: 92.346 | R29: 80.344 | S29: 69.823 | T29: 60.632 | U29: 56.509 | V29: 52.659 | W29: 49.126
B30: Steam | C30: 0 | D30: 0 | E30: 0 | F30: 0 | G30: 0 | H30: 0 | I30: 0 | J30: 0 | K30: 0 | L30: 0 | M30: 0 | N30: 0 | O30: 0 | P30: 0 | Q30: 0 | R30: 0 | S30: 0 | T30: 0 | U30: 0 | V30: 0 | W30: 0
B31: Other1 | C31: 17.61 | D31: 20.332 | E31: 20.213 | F31: 22.784 | G31: 23.516 | H31: 23.97 | I31: 26.742 | J31: 29.609 | K31: 29.862 | L31: 33.564 | M31: 35.876 | N31: 40.988 | O31: 47.419 | P31: 52.466 | Q31: 58.969 | R31: 66.834 | S31: 75.836 | T31: 83.935 | U31: 89.303 | V31: 94.886 | W31: 100.719
B32: Wood | C32: 25.701 | D32: 29.674 | E32: 29.501 | F32: 33.253 | G32: 34.321 | H32: 34.983 | I32: 39.029 | J32: 41.699 | K32: 38.667 | L32: 38.695 | M32: 34.67 | N32: 32.681 | O32: 30.503 | P32: 24.074 | Q32: 18.97 | R32: 14.979 | S32: 11.814 | T32: 9.31 | U32: 8.114 | V32: 7.089 | W32: 6.217
B34: Shares (%)
B35: Electricity | C35: 29.607646 | D35: 28.564154 | E35: 27.926798 | F35: 27.449319 | G35: 26.665706 | H35: 25.858594 | I35: 25.341296 | J35: 24.902339 | K35: 25.105081 | L35: 25.148542 | M35: 25.030529 | N35: 25.111418 | O35: 25.436336 | P35: 25.46127 | Q35: 25.460388 | R35: 25.438513 | S35: 25.398718 | T35: 25.352732 | U35: 25.329436 | V35: 25.301766 | W35: 25.270479
B36: Natural Gas | C36: 66.456525 | D36: 67.301975 | E36: 68.207308 | F36: 68.634305 | G36: 69.371751 | H36: 70.309831 | I36: 70.610393 | J36: 70.909881 | K36: 70.836787 | L36: 70.65341 | M36: 70.956147 | N36: 71.033068 | O36: 70.761573 | P36: 71.101878 | Q36: 71.371386 | R36: 71.582841 | S36: 71.744246 | T36: 71.888289 | U36: 71.955022 | V36: 72.009993 | W36: 72.055296
B37: Heating Oil | C37: 2.966368 | D37: 3.031007 | E37: 2.788208 | F37: 2.720713 | G37: 2.749329 | H37: 2.614905 | I37: 2.710681 | J37: 2.755357 | K37: 2.699177 | L37: 2.779823 | M37: 2.644461 | N37: 2.441817 | O37: 2.322436 | P37: 1.998579 | Q37: 1.718139 | R37: 1.475834 | S37: 1.266803 | T37: 1.087113 | U37: 0.996925 | V37: 0.915454 | W37: 0.841813
B38: Steam | C38: 0 | D38: 0 | E38: 0 | F38: 0 | G38: 0 | H38: 0 | I38: 0 | J38: 0 | K38: 0 | L38: 0 | M38: 0 | N38: 0 | O38: 0 | P38: 0 | Q38: 0 | R38: 0 | S38: 0 | T38: 0 | U38: 0 | V38: 0 | W38: 0
B39: Other1 | C39: 0.394178 | D39: 0.448417 | E39: 0.43818 | F39: 0.486149 | G39: 0.493283 | H39: 0.49469 | I39: 0.543871 | J39: 0.594776 | K39: 0.592171 | L39: 0.658761 | M39: 0.696136 | N39: 0.786556 | O39: 0.90043 | P39: 0.985899 | Q39: 1.097142 | R39: 1.227669 | S39: 1.375895 | T39: 1.504936 | U39: 1.575478 | V39: 1.649556 | W39: 1.725881
B40: Wood | C40: 0.575284 | D40: 0.654448 | E40: 0.639506 | F40: 0.709515 | G40: 0.719931 | H40: 0.721981 | I40: 0.793759 | J40: 0.837647 | K40: 0.766784 | L40: 0.759463 | M40: 0.672726 | N40: 0.627141 | O40: 0.579225 | P40: 0.452374 | Q40: 0.352945 | R40: 0.275142 | S40: 0.214339 | T40: 0.166929 | U40: 0.14314 | V40: 0.123231 | W40: 0.106531
A42: 1) “Other” includes coal and propane.
