Workbook

Sheet data units
A1: 60W eq. | B1: vintage | C1: R_LGT_INC | D1: R_LGT_HAL | E1: R_LGT_CFL | F1: R_LGT_LED
A2: Average lamp life | B2: (hours) | C2: =(750+2000)/2 -> 1375 | D2: =(3000+4000)/2 -> 3500 | E2: =(8000+1000)/2 -> 4500 | F2: =(35000+50000)/2 -> 42500
A3: efficacy | B3: 2020 | C3: 14.2 | D3: 17.4 | E3: 68.5 | F3: 87.1
A4: (lm/W) | B4: 2022 | C4: 14.2 | D4: 17.4 | E4: 69.2 | F4: 90
B5: 2025 | C5: 14.2 | D5: 17.4 | E5: =(B5-B4)/(B6-B4)*(E6-E4)+E4 -> 70.25 | F5: =(B5-B4)/(B6-B4)*(F6-F4)+F4 -> 97.0875
B6: 2030 | C6: 14.2 | D6: 17.4 | E6: 72 | F6: 108.9
B7: 2035 | C7: 14.2 | D7: 17.4 | E7: =(B7-B6)/(B8-B6)*(E8-E6)+E6 -> 73.85 | F7: =(B7-B6)/(B8-B6)*(F8-F6)+F6 -> 123.75
B8: 2040 | C8: 14.2 | D8: 17.4 | E8: 75.7 | F8: 138.6
B9: 2045 | C9: 14.2 | D9: 17.4 | E9: =(B9-B8)/(B10-B8)*(E10-E8)+E8 -> 77.65 | F9: =(B9-B8)/(B10-B8)*(F10-F8)+F8 -> 149.65
B10: 2050 | C10: 14.2 | D10: 17.4 | E10: 79.6 | F10: 160.7
A11: Install cost | B11: 2022 | C11: 0.35 | D11: 7.89 | E11: 5.94 | F11: 4.9
A12: (2022$/klm) | B12: 2025 | C12: 0.35 | D12: 7.89 | E12: =(B12-B11)/(B13-B11)*(E13-E11)+E11 -> 5.85375 | F12: =(B12-B11)/(B13-B11)*(F13-F11)+F11 -> 4.5775
B13: 2030 | C13: 0.35 | D13: 7.89 | E13: 5.71 | F13: 4.04
B14: 2035 | C14: 0.35 | D14: 7.89 | E14: =(B14-B13)/(B15-B13)*(E15-E13)+E13 -> 5.57 | F14: =(B14-B13)/(B15-B13)*(F15-F13)+F13 -> 3.8
B15: 2040 | C15: 0.35 | D15: 7.89 | E15: 5.43 | F15: 3.56
B16: 2045 | C16: 0.35 | D16: 7.89 | E16: =(B16-B15)/(B17-B15)*(E17-E15)+E15 -> 5.3 | F16: =(B16-B15)/(B17-B15)*(F17-F15)+F15 -> 3.315
B17: 2050 | C17: 0.35 | D17: 7.89 | E17: 5.17 | F17: 3.07
A18: Maintenance cost | B18: 2020 | C18: 0.18 | D18: 4.06 | E18: 0.46 | F18: 0.18
A19: (2022$/klm.yr) | B19: 2022 | C19: 0.18 | D19: 4.9 | E19: 0.46 | F19: 0.22
B20: 2025 | C20: 0.18 | D20: 4.9 | E20: =(B20-B19)/(B21-B19)*(E21-E19)+E19 -> 0.4525 | F20: =(B20-B19)/(B21-B19)*(F21-F19)+F19 -> 0.205
B21: 2030 | C21: 0.18 | D21: 4.9 | E21: 0.44 | F21: 0.18
B22: 2035 | C22: 0.18 | D22: 4.9 | E22: =(B22-B21)/(B23-B21)*(E23-E21)+E21 -> 0.43 | F22: =(B22-B21)/(B23-B21)*(F23-F21)+F21 -> 0.17
B23: 2040 | C23: 0.18 | D23: 4.9 | E23: 0.42 | F23: 0.16
B24: 2045 | C24: 0.18 | D24: 4.9 | E24: =(B24-B23)/(B25-B23)*(E25-E23)+E23 -> 0.41 | F24: =(B24-B23)/(B25-B23)*(F25-F23)+F23 -> 0.15
B25: 2050 | C25: 0.18 | D25: 4.9 | E25: 0.4 | F25: 0.14

Sheet model units
A1: 60W eq. | B1: vintage | C1: R_LGT_INC | D1: R_LGT_HAL | E1: R_LGT_CFL | F1: R_LGT_LED
A2: Average lamp life | B2: (years) | C2: =ROUND('data units'!C2/(1.5*365),0) -> 3 | D2: =ROUND('data units'!D2/(1.5*365),0) -> 6 | E2: =ROUND('data units'!E2/(1.5*365),0) -> 8 | F2: =ROUND('data units'!F2/(1.5*365),0) -> 78
A3: efficacy | B3: 2020 | C3: ='data units'!C3*1000000000000000/3600/8760/1000000000 -> 0.45027905 | D3: ='data units'!D3*1000000000000000/3600/8760/1000000000 -> 0.55175038 | E3: ='data units'!E3*1000000000000000/3600/8760/1000000000 -> 2.1721208 | F3: ='data units'!F3*1000000000000000/3600/8760/1000000000 -> 2.7619229
A4: (Glm.yr/PJ) | B4: 2022 | C4: ='data units'!C4*1000000000000000/3600/8760/1000000000 -> 0.45027905 | D4: ='data units'!D4*1000000000000000/3600/8760/1000000000 -> 0.55175038 | E4: ='data units'!E4*1000000000000000/3600/8760/1000000000 -> 2.1943176 | F4: ='data units'!F4*1000000000000000/3600/8760/1000000000 -> 2.8538813
B5: 2025 | C5: ='data units'!C5*1000000000000000/3600/8760/1000000000 -> 0.45027905 | D5: ='data units'!D5*1000000000000000/3600/8760/1000000000 -> 0.55175038 | E5: ='data units'!E5*1000000000000000/3600/8760/1000000000 -> 2.2276129 | F5: ='data units'!F5*1000000000000000/3600/8760/1000000000 -> 3.0786244
B6: 2030 | C6: ='data units'!C6*1000000000000000/3600/8760/1000000000 -> 0.45027905 | D6: ='data units'!D6*1000000000000000/3600/8760/1000000000 -> 0.55175038 | E6: ='data units'!E6*1000000000000000/3600/8760/1000000000 -> 2.283105 | F6: ='data units'!F6*1000000000000000/3600/8760/1000000000 -> 3.4531963
B7: 2035 | C7: ='data units'!C7*1000000000000000/3600/8760/1000000000 -> 0.45027905 | D7: ='data units'!D7*1000000000000000/3600/8760/1000000000 -> 0.55175038 | E7: ='data units'!E7*1000000000000000/3600/8760/1000000000 -> 2.3417681 | F7: ='data units'!F7*1000000000000000/3600/8760/1000000000 -> 3.9240868
B8: 2040 | C8: ='data units'!C8*1000000000000000/3600/8760/1000000000 -> 0.45027905 | D8: ='data units'!D8*1000000000000000/3600/8760/1000000000 -> 0.55175038 | E8: ='data units'!E8*1000000000000000/3600/8760/1000000000 -> 2.4004313 | F8: ='data units'!F8*1000000000000000/3600/8760/1000000000 -> 4.3949772
B9: 2045 | C9: ='data units'!C9*1000000000000000/3600/8760/1000000000 -> 0.45027905 | D9: ='data units'!D9*1000000000000000/3600/8760/1000000000 -> 0.55175038 | E9: ='data units'!E9*1000000000000000/3600/8760/1000000000 -> 2.4622653 | F9: ='data units'!F9*1000000000000000/3600/8760/1000000000 -> 4.7453704
B10: 2050 | C10: ='data units'!C10*1000000000000000/3600/8760/1000000000 -> 0.45027905 | D10: ='data units'!D10*1000000000000000/3600/8760/1000000000 -> 0.55175038 | E10: ='data units'!E10*1000000000000000/3600/8760/1000000000 -> 2.5240994 | F10: ='data units'!F10*1000000000000000/3600/8760/1000000000 -> 5.0957636
A11: Install cost | B11: 2022 | C11: ='data units'!C11 -> 0.35 | D11: ='data units'!D11 -> 7.89 | E11: ='data units'!E11 -> 5.94 | F11: ='data units'!F11 -> 4.9
A12: (M$/Glm) | B12: 2025 | C12: ='data units'!C12 -> 0.35 | D12: ='data units'!D12 -> 7.89 | E12: ='data units'!E12 -> 5.85375 | F12: ='data units'!F12 -> 4.5775
B13: 2030 | C13: ='data units'!C13 -> 0.35 | D13: ='data units'!D13 -> 7.89 | E13: ='data units'!E13 -> 5.71 | F13: ='data units'!F13 -> 4.04
B14: 2035 | C14: ='data units'!C14 -> 0.35 | D14: ='data units'!D14 -> 7.89 | E14: ='data units'!E14 -> 5.57 | F14: ='data units'!F14 -> 3.8
B15: 2040 | C15: ='data units'!C15 -> 0.35 | D15: ='data units'!D15 -> 7.89 | E15: ='data units'!E15 -> 5.43 | F15: ='data units'!F15 -> 3.56
B16: 2045 | C16: ='data units'!C16 -> 0.35 | D16: ='data units'!D16 -> 7.89 | E16: ='data units'!E16 -> 5.3 | F16: ='data units'!F16 -> 3.315
B17: 2050 | C17: ='data units'!C17 -> 0.35 | D17: ='data units'!D17 -> 7.89 | E17: ='data units'!E17 -> 5.17 | F17: ='data units'!F17 -> 3.07
A18: Maintenance cost | B18: 2020 | C18: ='data units'!C18 -> 0.18 | D18: ='data units'!D18 -> 4.06 | E18: ='data units'!E18 -> 0.46 | F18: ='data units'!F18 -> 0.18
A19: (M$/Glm.yr) | B19: 2022 | C19: ='data units'!C19 -> 0.18 | D19: ='data units'!D19 -> 4.9 | E19: ='data units'!E19 -> 0.46 | F19: ='data units'!F19 -> 0.22
B20: 2025 | C20: ='data units'!C20 -> 0.18 | D20: ='data units'!D20 -> 4.9 | E20: ='data units'!E20 -> 0.4525 | F20: ='data units'!F20 -> 0.205
B21: 2030 | C21: ='data units'!C21 -> 0.18 | D21: ='data units'!D21 -> 4.9 | E21: ='data units'!E21 -> 0.44 | F21: ='data units'!F21 -> 0.18
B22: 2035 | C22: ='data units'!C22 -> 0.18 | D22: ='data units'!D22 -> 4.9 | E22: ='data units'!E22 -> 0.43 | F22: ='data units'!F22 -> 0.17
B23: 2040 | C23: ='data units'!C23 -> 0.18 | D23: ='data units'!D23 -> 4.9 | E23: ='data units'!E23 -> 0.42 | F23: ='data units'!F23 -> 0.16
B24: 2045 | C24: ='data units'!C24 -> 0.18 | D24: ='data units'!D24 -> 4.9 | E24: ='data units'!E24 -> 0.41 | F24: ='data units'!F24 -> 0.15
B25: 2050 | C25: ='data units'!C25 -> 0.18 | D25: ='data units'!D25 -> 4.9 | E25: ='data units'!E25 -> 0.4 | F25: ='data units'!F25 -> 0.14

Sheet secondary energy
A5: Residential Sector
A7: Ontario1
A8: Table 3: Lighting Secondary Energy Use and GHG Emissions
C11: 2000 | D11: 2001 | E11: 2002 | F11: 2003 | G11: 2004 | H11: 2005 | I11: 2006 | J11: 2007 | K11: 2008 | L11: 2009 | M11: 2010 | N11: 2011 | O11: 2012 | P11: 2013 | Q11: 2014 | R11: 2015 | S11: 2016 | T11: 2017 | U11: 2018 | V11: 2019 | W11: 2020
B13: Total Lighting Energy Use2 (PJ) | C13: 20.451991 | D13: 21.382765 | E13: 20.348068 | F13: 21.200074 | G13: 21.947859 | H13: 19.873763 | I13: 19.639804 | J13: 18.815994 | K13: 19.18149 | L13: 19.965009 | M13: 20.447106 | N13: 19.801048 | O13: 20.203539 | P13: 19.920597 | Q13: 19.216448 | R13: 19.158054 | S13: 17.298859 | T13: 17.363281 | U13: 16.581827 | V13: 16.785963 | W13: 17.356068
B15: Activity
B16: Total Households (thousands) | C16: 4290.9 | D16: 4374.75 | E16: 4450.24 | F16: 4519.01 | G16: 4590.99 | H16: 4673.54 | I16: 4736.82 | J16: 4802.27 | K16: 4878.3 | L16: 4950.67 | M16: 4962.134 | N16: 5023.807 | O16: 5097 | P16: 5136.783 | Q16: 5196 | R16: 5250 | S16: 5322 | T16: 5360 | U16: 5445.5 | V16: 5531 | W16: 5596.218
B18: Energy Intensity (GJ/household) | C18: 4.766364 | D18: 4.887768 | E18: 4.572353 | F18: 4.691309 | G18: 4.780637 | H18: 4.2524 | I18: 4.1462 | J18: 3.918146 | K18: 3.932003 | L18: 4.032789 | M18: 4.120628 | N18: 3.941443 | O18: 3.96381 | P18: 3.878029 | Q18: 3.698316 | R18: 3.649153 | S18: 3.250443 | T18: 3.239418 | U18: 3.045051 | V18: 3.034887 | W18: 3.101392
B21: Total Lighting GHG Emissions Excluding Electricity2 (Mt of CO2e) | C21: – | D21: – | E21: – | F21: – | G21: – | H21: – | I21: – | J21: – | K21: – | L21: – | M21: – | N21: – | O21: – | P21: – | Q21: – | R21: – | S21: – | T21: – | U21: – | V21: – | W21: –
B24: Heat Loss (PJ) | C24: 8.386916 | D24: 7.882415 | E24: 7.960418 | F24: 8.946921 | G24: 8.938765 | H24: 8.035604 | I24: 7.103308 | J24: 7.489584 | K24: 7.852915 | L24: 8.180353 | M24: 7.593525 | N24: 7.538722 | O24: 6.975498 | P24: 7.974054 | Q24: 8.362883 | R24: 7.704116 | S24: 6.670217 | T24: 6.98259 | U24: 6.678367 | V24: 7.013192 | W24: 6.37186
A26: 1) Data on GHG emissions are presented excluding GHG emissions related to electricity production only.
A27: 2) Lighting consumes only electricity.

Sheet housing stock
A5: Residential Sector
A7: Ontario
A8: Table 14: Total Households by Building Type and Energy Source
C11: 2000 | D11: 2001 | E11: 2002 | F11: 2003 | G11: 2004 | H11: 2005 | I11: 2006 | J11: 2007 | K11: 2008 | L11: 2009 | M11: 2010 | N11: 2011 | O11: 2012 | P11: 2013 | Q11: 2014 | R11: 2015 | S11: 2016 | T11: 2017 | U11: 2018 | V11: 2019 | W11: 2020
B13: Total Households (thousands) | C13: 4290.9 | D13: 4374.75 | E13: 4450.24 | F13: 4519.01 | G13: 4590.99 | H13: 4673.54 | I13: 4736.82 | J13: 4802.27 | K13: 4878.3 | L13: 4950.67 | M13: 4962.134 | N13: 5023.807 | O13: 5097 | P13: 5136.783 | Q13: 5196 | R13: 5250 | S13: 5322 | T13: 5360 | U13: 5445.5 | V13: 5531 | W13: 5596.218
B14: Households by Building Type (thousands)
B15: Single Detached | C15: 2415.832 | D15: 2462.705 | E15: 2504.871 | F15: 2543.253 | G15: 2583.442 | H15: 2629.577 | I15: 2664.869 | J15: 2701.382 | K15: 2743.847 | L15: 2784.252 | M15: 2790.406 | N15: 2824.798 | O15: 2865.668 | P15: 2887.755 | Q15: 2920.769 | R15: 2950.852 | S15: 2991.052 | T15: 3012.144 | U15: 3059.931 | V15: 3107.716 | W15: 3144.104
B16: Single Attached | C16: 597.751 | D16: 613.993 | E16: 629.088 | F16: 643.244 | G16: 657.863 | H16: 674.015 | I16: 687.399 | J16: 701.092 | K16: 716.336 | L16: 731.054 | M16: 736.737 | N16: 749.827 | O16: 764.636 | P16: 774.419 | Q16: 787.107 | R16: 798.991 | S16: 813.61 | T16: 823.015 | U16: 839.709 | V16: 856.428 | W16: 870.018
B17: Apartments | C17: 1255.377 | D17: 1276.469 | E17: 1295.103 | F17: 1311.773 | G17: 1329.37 | H17: 1350.013 | I17: 1365.082 | J17: 1380.78 | K17: 1399.516 | L17: 1417.194 | M17: 1417.467 | N17: 1432.119 | O17: 1450.054 | P17: 1458.495 | Q17: 1472.474 | R17: 1484.984 | S17: 1502.589 | T17: 1510.606 | U17: 1532.014 | V17: 1553.403 | W17: 1569.087
B18: Mobile Homes | C18: 21.94 | D18: 21.582 | E18: 21.178 | F18: 20.74 | G18: 20.316 | H18: 19.935 | I18: 19.47 | J18: 19.015 | K18: 18.601 | L18: 18.171 | M18: 17.524 | N18: 17.063 | O18: 16.641 | P18: 16.113 | Q18: 15.65 | R18: 15.173 | S18: 14.75 | T18: 14.234 | U18: 13.846 | V18: 13.453 | W18: 13.01
B20: Shares (%)
B21: Single Detached | C21: 56.301279 | D21: 56.293624 | E21: 56.2862 | F21: 56.278996 | G21: 56.272003 | H21: 56.265211 | I21: 56.258612 | J21: 56.252198 | K21: 56.245961 | L21: 56.239894 | M21: 56.233991 | N21: 56.228243 | O21: 56.222647 | P21: 56.217194 | Q21: 56.211881 | R21: 56.206702 | S21: 56.201652 | T21: 56.196725 | U21: 56.191918 | V21: 56.187227 | W21: 56.182646
B22: Single Attached | C22: 13.930671 | D22: 14.034933 | E22: 14.136055 | F22: 14.234177 | G22: 14.32943 | H22: 14.421939 | I22: 14.511819 | J22: 14.599183 | K22: 14.684133 | L22: 14.766768 | M22: 14.847183 | N22: 14.925464 | O22: 15.001697 | P22: 15.07596 | Q22: 15.148328 | R22: 15.218874 | S22: 15.287666 | T22: 15.354767 | U22: 15.420239 | V22: 15.484142 | W22: 15.54653
B23: Apartments | C23: 29.256727 | D23: 29.178112 | E23: 29.101865 | F23: 29.02788 | G23: 28.956058 | H23: 28.886306 | I23: 28.818535 | J23: 28.752662 | K23: 28.688609 | L23: 28.626301 | M23: 28.565667 | N23: 28.506642 | O23: 28.449162 | P23: 28.393167 | Q23: 28.3386 | R23: 28.285408 | S23: 28.233539 | T23: 28.182944 | U23: 28.133577 | V23: 28.085393 | W23: 28.038352
B24: Mobile Homes | C24: 0.511324 | D24: 0.493331 | E24: 0.47588 | F24: 0.458947 | G24: 0.442509 | H24: 0.426545 | I24: 0.411034 | J24: 0.395957 | K24: 0.381297 | L24: 0.367037 | M24: 0.353159 | N24: 0.33965 | O24: 0.326495 | P24: 0.313679 | Q24: 0.30119 | R24: 0.289016 | S24: 0.277144 | T24: 0.265565 | U24: 0.254266 | V24: 0.243238 | W24: 0.232472
B26: Households by Energy Source (thousands)
B27: Electricity | C27: 771.678 | D27: 780.753 | E27: 791.293 | F27: 801.117 | G27: 813.176 | H27: 831.125 | I27: 850.686 | J27: 872.6 | K27: 900.498 | L27: 930.656 | M27: 952.492 | N27: 983.901 | O27: 1017.732 | P27: 1044.957 | Q27: 1076.131 | R27: 1106.257 | S27: 1140.23 | T27: 1166.895 | U27: 1194.803 | V27: 1222.884 | W27: 1246.615
B28: Natural Gas | C28: 2924.41 | D28: 3008.944 | E28: 3096.94 | F28: 3163.129 | G28: 3232.55 | H28: 3301.124 | I28: 3371.019 | J28: 3430.935 | K28: 3490.087 | L28: 3540.145 | M28: 3555.533 | N28: 3604.185 | O28: 3658.48 | P28: 3686.189 | Q28: 3725.258 | R28: 3758.018 | S28: 3801.083 | T28: 3817.32 | U28: 3873.169 | V28: 3928.059 | W28: 3967.587
B29: Heating Oil | C29: 442.135 | D29: 434.247 | E29: 407.039 | F29: 391.115 | G29: 380.127 | H29: 366.373 | I29: 340.822 | J29: 314.271 | K29: 299.958 | L29: 290.208 | M29: 265.025 | N29: 244.277 | O29: 225.46 | P29: 206.558 | Q29: 189.808 | R29: 174.105 | S29: 160.123 | T29: 146.217 | U29: 140.867 | V29: 135.739 | W29: 130.352
B30: Other1 | C30: 54.706 | D30: 54.791 | E30: 54.97 | F30: 55.092 | G30: 55.923 | H30: 57.793 | I30: 60.5 | J30: 64.194 | K30: 69.266 | L30: 75.581 | M30: 82.366 | N30: 90.684 | O30: 100.064 | P30: 109.677 | Q30: 120.649 | R30: 132.549 | S30: 146.07 | T30: 159.887 | U30: 168.582 | V30: 177.811 | W30: 186.933
B31: Wood | C31: 97.972 | D31: 96.015 | E31: 99.997 | F31: 108.557 | G31: 109.214 | H31: 117.124 | I31: 113.794 | J31: 120.271 | K31: 118.492 | L31: 114.08 | M31: 106.718 | N31: 100.76 | O31: 95.264 | P31: 89.403 | Q31: 84.154 | R31: 79.072 | S31: 74.494 | T31: 69.681 | U31: 68.08 | V31: 66.508 | W31: 64.731
B33: Shares (%)
B34: Electricity | C34: 17.984051 | D34: 17.846792 | E34: 17.780905 | F34: 17.72771 | G34: 17.71244 | H34: 17.783632 | I34: 17.959011 | J34: 18.170565 | K34: 18.459249 | L34: 18.79859 | M34: 19.195199 | N34: 19.584774 | O34: 19.967272 | P34: 20.342632 | Q34: 20.710767 | R34: 21.071557 | S34: 21.424847 | T34: 21.770436 | U34: 21.9411 | V34: 22.109635 | W34: 22.276028
B35: Natural Gas | C35: 68.153756 | D35: 68.779796 | E35: 69.590413 | F35: 69.996069 | G35: 70.410747 | H35: 70.634346 | I35: 71.166286 | J35: 71.444035 | K35: 71.5431 | L35: 71.508398 | M35: 71.653312 | N35: 71.742098 | O35: 71.777131 | P35: 71.760647 | Q35: 71.694727 | R35: 71.581289 | S35: 71.422077 | T35: 71.218651 | U35: 71.126045 | V35: 71.018958 | W35: 70.89764
B36: Heating Oil | C36: 10.304024 | D36: 9.926219 | E36: 9.146458 | F36: 8.65489 | G36: 8.279839 | H36: 7.839303 | I36: 7.195159 | J36: 6.54421 | K36: 6.148812 | L36: 5.86199 | M36: 5.340947 | N36: 4.862392 | O36: 4.423396 | P36: 4.021148 | Q36: 3.652959 | R36: 3.316279 | S36: 3.008692 | T36: 2.727928 | U36: 2.586843 | V36: 2.454141 | W36: 2.329289
B37: Other1 | C37: 1.274928 | D37: 1.252436 | E37: 1.235225 | F37: 1.219107 | G37: 1.2181 | H37: 1.236606 | I37: 1.27722 | J37: 1.336736 | K37: 1.419873 | L37: 1.526691 | M37: 1.659889 | N37: 1.805089 | O37: 1.963185 | P37: 2.135131 | Q37: 2.321951 | R37: 2.524734 | S37: 2.744653 | T37: 2.982959 | U37: 3.09581 | V37: 3.214811 | W37: 3.340346
B38: Wood | C38: 2.283241 | D38: 2.194758 | E38: 2.246999 | F38: 2.402225 | G38: 2.378876 | H38: 2.506114 | I38: 2.402325 | J38: 2.504455 | K38: 2.428965 | L38: 2.304331 | M38: 2.150654 | N38: 2.005647 | O38: 1.869016 | P38: 1.740441 | Q38: 1.619596 | R38: 1.506141 | S38: 1.399731 | T38: 1.300026 | U38: 1.250201 | V38: 1.202455 | W38: 1.156697
A40: 1) “Other” includes coal and propane.

Sheet stock
A1: 2018 | B1: Share by housing type | H1: (2018 - Ontario Residential End-Use Survey, 2018)
A2: Tech | B2: Single family | C2: Multi-family | D2: Total | E2: Efficacy (Glm.yr/PJ) | H2: https://oee.nrcan.gc.ca/corporate/statistics/neud/dpa/showTable.cfm?type=CP&sector=res&juris=on&year=2020&rn=14&page=0
A3: R_LGT_INC | B3: 0.148 | C3: 0.1845 | D3: =(B3*$B$8+C3*$C$8)/($B$8+$C$8) -> 0.15826876 | E3: ='model units'!C3 -> 0.45027905 | H3: Assumed INC/HAL is 50-50 mix
A4: R_LGT_HAL | B4: 0.148 | C4: 0.1845 | D4: =(B4*$B$8+C4*$C$8)/($B$8+$C$8) -> 0.15826876 | E4: ='model units'!D3 -> 0.55175038
A5: R_LGT_CFL | B5: 0.178 | C5: 0.172 | D5: =(B5*$B$8+C5*$C$8)/($B$8+$C$8) -> 0.17631199 | E5: ='model units'!E3 -> 2.1721208
A6: R_LGT_LED | B6: 0.418 | C6: 0.32 | D6: =(B6*$B$8+C6*$C$8)/($B$8+$C$8) -> 0.39042909 | E6: ='model units'!F3 -> 2.7619229
A8: Housing stock (1000) | B8: ='housing stock'!U15+'housing stock'!U16+'housing stock'!U18 -> 3913.486 | C8: ='housing stock'!U17 -> 1532.014
D10: Average | E10: {=SUM(D3:D6*E3:E6)/SUM(D3:D6)} -> 1.8339581

Sheet Demand and Existing capacity
A1: Year | B1: 2018 | C1: 2025 | D1: 2030 | E1: 2035 | F1: 2040 | G1: 2045 | H1: 2050
A2: Pop. Index | B2: 1 | C2: 1.1068653 | D2: 1.1799677 | E2: 1.2445019 | F2: 1.300985 | G2: 1.351346 | H2: 1.3975416
A3: Secondary energy (PJ) | B3: ='secondary energy'!U13 -> 16.581827 | C3: =$B$3*C2/$B$2 -> 18.353849 | D3: =$B$3*D2/$B$2 -> 19.56602 | E3: =$B$3*E2/$B$2 -> 20.636115 | F3: =$B$3*F2/$B$2 -> 21.572708 | G3: =$B$3*G2/$B$2 -> 22.407785 | H3: =$B$3*H2/$B$2 -> 23.173794
A4: Demand (Glm.yr) | B4: =B3*stock!E10 -> 30.410376 | C4: =$B$4*C2/$B$2 -> 33.660189 | D4: =$B$4*D2/$B$2 -> 35.883261 | E4: =$B$4*E2/$B$2 -> 37.845769 | F4: =$B$4*F2/$B$2 -> 39.563442 | G4: =$B$4*G2/$B$2 -> 41.094939 | H4: =$B$4*H2/$B$2 -> 42.499767
B6: Existing capacity (Glm)
A7: Technology | B7: 2020 | C7: 2023 | D7: Lifetime (Y)
A8: R_LGT_INC | B8: =stock!$D3/SUM(stock!$D$3:$D$6)*B$4*(24/$B$17) -> 87.184495 | C8: =B8*$C$13/$B$13 -> 91.009559 | D8: 3
A9: R_LGT_HAL | B9: =stock!$D4/SUM(stock!$D$3:$D$6)*B$4*(24/$B$17) -> 87.184495 | C9: =B9*$C$13/$B$13 -> 91.009559 | D9: 6
A10: R_LGT_CFL | B10: =stock!$D5/SUM(stock!$D$3:$D$6)*B$4*(24/$B$17) -> 97.123853 | C10: =B10*$C$13/$B$13 -> 101.38499 | D10: 8
A11: R_LGT_LED | B11: =stock!$D6/SUM(stock!$D$3:$D$6)*B$4*(24/$B$17) -> 215.07317 | C11: =B11*$C$13/$B$13 -> 224.50912 | D11: 78
A13: Population index | B13: 1 | C13: 1.0438732
A15: Annual capacity factor | B15: =B4/SUM(B8:B11) -> 0.0625
A17: Average daily hours | B17: 1.5
A18: DOE. (2012). Residential Lighting End-Use Consumption Study: Estimation Framework and Initial Estimates. https://www1.eere.energy.gov/buildings/publications/pdfs/ssl/2012_residential-lighting-study.pdf
