Workbook

Sheet Demand and Existing Capacity
A1: 2018 | B1: Primary energy (PJ p.a.)
A2: Room | B2: ='secondary energy'!U15*efficiency!U27*0.293071 -> 4.361573
A3: Central | B3: ='secondary energy'!U16*efficiency!U28*0.293071 -> 86.328624
A5: Total | B5: =SUM(B2:B3) -> 90.690197
A7: Year | B7: 2018 | C7: 2023 | D7: 2025 | E7: 2030 | F7: 2035 | G7: 2040 | H7: 2045 | I7: 2050
A8: Pop. Index | B8: 1 | C8: 1.0743186 | D8: 1.1068653 | E8: 1.1799677 | F8: 1.2445019 | G8: 1.300985 | H8: 1.351346 | I8: 1.3975416
A9: SPC demand (PJ p.a.) | B9: 90.690197 | C9: =$B$9*C8/$B$8 -> 97.430169 | D9: =$B$9*D8/$B$8 -> 100.38183 | E9: =$B$9*E8/$B$8 -> 107.0115 | F9: =$B$9*F8/$B$8 -> 112.86412 | G9: =$B$9*G8/$B$8 -> 117.98658 | H9: =$B$9*H8/$B$8 -> 122.55383 | I9: =$B$9*I8/$B$8 -> 126.74333
B11: Lifetime | C11: Stock (x1000) | E11: Unit cap.
A12: Technology | B12: (Y) | C12: 2020 | D12: 2023 | E12: (kBtu/h) | F12: (GW) | G12: Exs cap. (GW) | J12: 2023 max annual PJ
A13: R_SPC_ROM_EXS | B13: 9 | C13: =stock!W15 -> 479.07 | D13: =$D$16/$C$16*C13 -> 500.08834 | E13: =stock!W31/1000 -> 9.172 | F13: =$B$18*E13 -> 2.6880472e-06 | G13: =F13*D13*1000 -> 1.3442611 | J13: =G13*$B$19 -> 42.392617
A14: R_SPC_CEN_EXS | B14: 18 | C14: =stock!W16 -> 4028.456 | D14: =$D$16/$C$16*C14 -> 4205.1973 | E14: =stock!W32/1000 -> 33.199 | F14: =$B$18*E14 -> 9.7296641e-06 | G14: =F14*D14*1000 -> 40.915158 | J14: =G14*$B$19 -> 1290.3004
K15: Annual CF
A16: Population index | C16: 1 | D16: 1.0438732 | F16: Total | G16: =SUM(G13:G14) -> 42.259419 | J16: =SUM(J13:J14) -> 1332.693 | K16: =C9/J16 -> 0.073107735
A18: GW = | B18: =0.293071*1000/1000000000 -> 2.93071e-07 | C18: x kBtu/h
A19: PJ = | B19: =8760*3600/1000000 -> 31.536 | C19: x GW

Sheet Model efficiencies
B1: {=efficiency!C11:W11} -> 2000 | C1: 2001 | D1: 2002 | E1: 2003 | F1: 2004 | G1: 2005 | H1: 2006 | I1: 2007 | J1: 2008 | K1: 2009 | L1: 2010 | M1: 2011 | N1: 2012 | O1: 2013 | P1: 2014 | Q1: 2015 | R1: 2016 | S1: 2017 | T1: 2018 | U1: 2019 | V1: 2020
A2: {=efficiency!B23:W24} -> Room (EER)1 | B2: 9.35 | C2: 9.35 | D2: 9.35 | E2: 9.35 | F2: 9.35 | G2: 9.35 | H2: 10.9 | I2: 10.9 | J2: 10.9 | K2: 10.9 | L2: 12 | M2: 12 | N2: 12 | O2: 12 | P2: 12 | Q2: 12 | R2: 12 | S2: 12 | T2: 12 | U2: 12 | V2: 12
A3: Central (SEER)2 | B3: 10.3 | C3: 10.3 | D3: 10.3 | E3: 10.3 | F3: 10.3 | G3: 10.3 | H3: 13 | I3: 13 | J3: 13 | K3: 13 | L3: 13 | M3: 13 | N3: 13 | O3: 13 | P3: 13 | Q3: 13 | R3: 13 | S3: 13 | T3: 13 | U3: 13 | V3: 13
A5: Room (PJ/PJ) | B5: =B2/$B$8 -> 2.7402158 | C5: =C2/$B$8 -> 2.7402158 | D5: =D2/$B$8 -> 2.7402158 | E5: =E2/$B$8 -> 2.7402158 | F5: =F2/$B$8 -> 2.7402158 | G5: =G2/$B$8 -> 2.7402158 | H5: =H2/$B$8 -> 3.1944762 | I5: =I2/$B$8 -> 3.1944762 | ... V5: =V2/$B$8 -> 3.5168545
A6: Central (PJ/PJ) | B6: =B3/$B$8 -> 3.0186335 | C6: =C3/$B$8 -> 3.0186335 | D6: =D3/$B$8 -> 3.0186335 | E6: =E3/$B$8 -> 3.0186335 | F6: =F3/$B$8 -> 3.0186335 | G6: =G3/$B$8 -> 3.0186335 | H6: =H3/$B$8 -> 3.8099257 | I6: =I3/$B$8 -> 3.8099257 | ... V6: =V3/$B$8 -> 3.8099257
A8: Btu = | B8: 3.41214 | C8: x Wh

Sheet efficiency
A5: Residential Sector
A7: Ontario
A8: Table 27: Cooling System Stock by Type, New Unit Efficiencies, Stock Efficiencies and Unit Capacity Ratio
C11: 2000 | D11: 2001 | E11: 2002 | F11: 2003 | G11: 2004 | H11: 2005 | I11: 2006 | J11: 2007 | K11: 2008 | L11: 2009 | M11: 2010 | N11: 2011 | O11: 2012 | P11: 2013 | Q11: 2014 | R11: 2015 | S11: 2016 | T11: 2017 | U11: 2018 | V11: 2019 | W11: 2020
B13: Total Cooling System Stock (thousands) | C13: 2689 | D13: 2783 | E13: 2905 | F13: 3006 | G13: 3187 | H13: 3338 | I13: 3599.984 | J13: 3606.505 | K13: 3762 | L13: 3767.46 | M13: 3848.468 | N13: 3928.945 | O13: 3972.179 | P13: 4052.923 | Q13: 4114.779 | R13: 4176.767 | S13: 4248.067 | T13: 4309.989 | U13: 4376.633 | V13: 4443.243 | W13: 4507.526
B14: System Stock by Type (thousands)
B15: Room | C15: 751 | D15: 776 | E15: 845 | F15: 796 | G15: 790 | H15: 827 | I15: 985.259 | J15: 965.256 | K15: 944 | L15: 881.219 | M15: 860.59 | N15: 818.571 | O15: 776.866 | P15: 745.543 | Q15: 703.681 | R15: 667.166 | S15: 630.574 | T15: 591.385 | U15: 554.832 | V15: 516.941 | W15: 479.07
B16: Central | C16: 1938 | D16: 2007 | E16: 2060 | F16: 2210 | G16: 2397 | H16: 2511 | I16: 2614.725 | J16: 2641.249 | K16: 2818 | L16: 2886.241 | M16: 2987.878 | N16: 3110.374 | O16: 3195.313 | P16: 3307.38 | Q16: 3411.098 | R16: 3509.601 | S16: 3617.493 | T16: 3718.604 | U16: 3821.801 | V16: 3926.302 | W16: 4028.456
B18: Shares (%)
B19: Room | C19: 27.928598 | D19: 27.883579 | E19: 29.08778 | F19: 26.480373 | G19: 24.788202 | H19: 24.775315 | I19: 27.368427 | J19: 26.764305 | K19: 25.093036 | L19: 23.390268 | M19: 22.361885 | N19: 20.834372 | O19: 19.557679 | P19: 18.395193 | Q19: 17.101307 | R19: 15.973264 | S19: 14.843787 | T19: 13.721265 | U19: 12.677142 | V19: 11.634318 | W19: 10.628225
B20: Central | C20: 72.071402 | D20: 72.116421 | E20: 70.91222 | F20: 73.519627 | G20: 75.211798 | H20: 75.224685 | I20: 72.631573 | J20: 73.235695 | K20: 74.906964 | L20: 76.609732 | M20: 77.638115 | N20: 79.165628 | O20: 80.442321 | P20: 81.604807 | Q20: 82.898693 | R20: 84.026736 | S20: 85.156213 | T20: 86.278735 | U20: 87.322858 | V20: 88.365682 | W20: 89.371775
B22: New Unit Efficiencies
B23: Room (EER)1 | C23: 9.35 | D23: 9.35 | E23: 9.35 | F23: 9.35 | G23: 9.35 | H23: 9.35 | I23: 10.9 | J23: 10.9 | K23: 10.9 | L23: 10.9 | M23: 12 | N23: 12 | O23: 12 | P23: 12 | Q23: 12 | R23: 12 | S23: 12 | T23: 12 | U23: 12 | V23: 12 | W23: 12
B24: Central (SEER)2 | C24: 10.3 | D24: 10.3 | E24: 10.3 | F24: 10.3 | G24: 10.3 | H24: 10.3 | I24: 13 | J24: 13 | K24: 13 | L24: 13 | M24: 13 | N24: 13 | O24: 13 | P24: 13 | Q24: 13 | R24: 13 | S24: 13 | T24: 13 | U24: 13 | V24: 13 | W24: 13
B26: Stock Efficiencies
B27: Room (EER)1 | C27: 8.254899 | D27: 8.407362 | E27: 8.572454 | F27: 8.753754 | G27: 8.927571 | H27: 9.087224 | I27: 9.496263 | J27: 9.793013 | K27: 9.99797 | L27: 10.143787 | M27: 10.41102 | N27: 10.646142 | O27: 10.847928 | P27: 11.018858 | Q27: 11.163881 | R27: 11.287237 | S27: 11.394585 | T27: 11.493143 | U27: 11.586477 | V27: 11.674761 | W27: 11.755246
B28: Central (SEER)2 | C28: 9.589709 | D28: 9.658639 | E28: 9.745656 | F28: 9.83946 | G28: 9.933486 | H28: 10.030915 | I28: 10.273658 | J28: 10.497527 | K28: 10.704959 | L28: 10.877649 | M28: 11.055011 | N28: 11.219062 | O28: 11.404554 | P28: 11.579781 | Q28: 11.734744 | R28: 11.914079 | S28: 12.101099 | T28: 12.287823 | U28: 12.48328 | V28: 12.667295 | W28: 12.824119
B30: Unit Capacity Ratio (Btu/hour)
B31: Room | C31: 9898 | D31: 9829 | E31: 9797 | F31: 9717 | G31: 9531 | H31: 9345 | I31: 9181 | J31: 9015 | K31: 9048 | L31: 9064 | M31: 9086 | N31: 9080 | O31: 9090 | P31: 9101 | Q31: 9111 | R31: 9121 | S31: 9132 | T31: 9142 | U31: 9152 | V31: 9162 | W31: 9172
B32: Central | C32: 33466 | D32: 33624 | E32: 33768 | F32: 33919 | G32: 33389 | H32: 32873 | I32: 32372 | J32: 31873 | K32: 31872 | L32: 31884 | M32: 31886 | N32: 33236 | O32: 33225 | P32: 33225 | Q32: 33220 | R32: 33215 | S32: 33213 | T32: 33208 | U32: 33205 | V32: 33202 | W32: 33199
A34: 1) Energy Efficiency Ratio.
A35: 2) Seasonal Energy Efficiency Ratio.

Sheet secondary energy
A5: Residential Sector
A7: Ontario1
A8: Table 4: Space Cooling Secondary Energy Use and GHG Emissions by Cooling System Type
C11: 2000 | D11: 2001 | E11: 2002 | F11: 2003 | G11: 2004 | H11: 2005 | I11: 2006 | J11: 2007 | K11: 2008 | L11: 2009 | M11: 2010 | N11: 2011 | O11: 2012 | P11: 2013 | Q11: 2014 | R11: 2015 | S11: 2016 | T11: 2017 | U11: 2018 | V11: 2019 | W11: 2020
B13: Total Space Cooling Energy Use2 (PJ) | C13: 10.715195 | D13: 17.188184 | E13: 21.175903 | F13: 14.813044 | G13: 11.753877 | H13: 24.917605 | I13: 18.142692 | J13: 19.30382 | K13: 13.236321 | L13: 10.268825 | M13: 23.031361 | N13: 22.482008 | O13: 25.63819 | P13: 17.216043 | Q13: 14.203881 | R13: 18.976295 | S13: 26.898253 | T13: 17.705492 | U13: 24.881263 | V13: 16.635278 | W13: 25.180611
B14: Energy Use by Cooling System Type (PJ)
B15: Room | C15: 1.496307 | D15: 2.368355 | E15: 3.03747 | F15: 1.876292 | G15: 1.351419 | H15: 2.815074 | I15: 2.255909 | J15: 2.299932 | K15: 1.461934 | L15: 1.047558 | M15: 2.215425 | N15: 1.953541 | O15: 2.075349 | P15: 1.303156 | Q15: 0.992591 | R15: 1.236244 | S15: 1.625778 | T15: 0.988604 | U15: 1.284455 | V15: 0.787916 | W15: 1.089028
B16: Central | C16: 9.218887 | D16: 14.819829 | E16: 18.138433 | F16: 12.936753 | G16: 10.402458 | H16: 22.102532 | I16: 15.886783 | J16: 17.003888 | K16: 11.774387 | L16: 9.221267 | M16: 20.815937 | N16: 20.528467 | O16: 23.562841 | P16: 15.912887 | Q16: 13.21129 | R16: 17.740051 | S16: 25.272475 | T16: 16.716888 | U16: 23.596808 | V16: 15.847363 | W16: 24.091583
B18: Shares (%)
B19: Room | C19: 13.964349 | D19: 13.778971 | E19: 14.343995 | F19: 12.666483 | G19: 11.497646 | H19: 11.297528 | I19: 12.434258 | J19: 11.914387 | K19: 11.044863 | L19: 10.201347 | M19: 9.619165 | N19: 8.689352 | O19: 8.094755 | P19: 7.569429 | Q19: 6.988168 | R19: 6.514675 | S19: 6.044177 | T19: 5.583601 | U19: 5.162337 | V19: 4.736415 | W19: 4.324868
B20: Central | C20: 86.035651 | D20: 86.221029 | E20: 85.656005 | F20: 87.333517 | G20: 88.502354 | H20: 88.702472 | I20: 87.565742 | J20: 88.085613 | K20: 88.955137 | L20: 89.798653 | M20: 90.380835 | N20: 91.310648 | O20: 91.905245 | P20: 92.430571 | Q20: 93.011832 | R20: 93.485325 | S20: 93.955823 | T20: 94.416399 | U20: 94.837663 | V20: 95.263585 | W20: 95.675132
B22: Activity
B23: Cooled Floor Space (million m2) | C23: 360.48 | D23: 376.348 | E23: 395.814 | F23: 414.754 | G23: 430.489 | H23: 439.55 | I23: 461.517 | J23: 448.583 | K23: 473.762 | L23: 477.524 | M23: 492.252 | N23: 548.42 | O23: 558.68 | P23: 574.758 | Q23: 588.027 | R23: 601.227 | S23: 615.891 | T23: 629.374 | U23: 644.14 | V23: 659.056 | W23: 673.294
B25: Energy Intensity (MJ/m2) | C25: 29.724781 | D25: 45.670999 | E25: 53.499599 | F25: 35.715224 | G25: 27.303556 | H25: 56.68886 | I25: 39.310994 | J25: 43.032905 | K25: 27.938765 | L25: 21.504333 | M25: 46.787698 | N25: 40.994144 | O25: 45.890677 | P25: 29.95353 | Q25: 24.155147 | R25: 31.562628 | S25: 43.673713 | T25: 28.131905 | U25: 38.627078 | V25: 25.241054 | W25: 37.399136
B28: Total Space Cooling GHG Emissions Excluding Electricity2 (Mt of CO2e) | C28: – | D28: – | E28: – | F28: – | G28: – | H28: – | I28: – | J28: – | K28: – | L28: – | M28: – | N28: – | O28: – | P28: – | Q28: – | R28: – | S28: – | T28: – | U28: – | V28: – | W28: –
B31: Cooling Degree-Day Index | C31: 1.002527 | D31: 1.514334 | E31: 1.928358 | F31: 1.25202 | G31: 0.904104 | H31: 2.042585 | I31: 1.451506 | J31: 1.62762 | K31: 1.063691 | L31: 0.798296 | M31: 1.717894 | N31: 1.653662 | O31: 1.8474 | P31: 1.226289 | Q31: 1.028755 | R31: 1.355501 | S31: 2.091494 | T31: 1.355046 | U31: 1.977208 | V31: 1.287805 | W31: 1.888786
A33: 1) Data on GHG emissions are presented excluding GHG emissions related to electricity production only.
A34: 2) Space cooling consumes only electricity.

Sheet stock
A5: Residential Sector
A7: Ontario
A8: Table 27: Cooling System Stock by Type, New Unit Efficiencies, Stock Efficiencies and Unit Capacity Ratio
C11: 2000 | D11: 2001 | E11: 2002 | F11: 2003 | G11: 2004 | H11: 2005 | I11: 2006 | J11: 2007 | K11: 2008 | L11: 2009 | M11: 2010 | N11: 2011 | O11: 2012 | P11: 2013 | Q11: 2014 | R11: 2015 | S11: 2016 | T11: 2017 | U11: 2018 | V11: 2019 | W11: 2020
B13: Total Cooling System Stock (thousands) | C13: 2689 | D13: 2783 | E13: 2905 | F13: 3006 | G13: 3187 | H13: 3338 | I13: 3599.984 | J13: 3606.505 | K13: 3762 | L13: 3767.46 | M13: 3848.468 | N13: 3928.945 | O13: 3972.179 | P13: 4052.923 | Q13: 4114.779 | R13: 4176.767 | S13: 4248.067 | T13: 4309.989 | U13: 4376.633 | V13: 4443.243 | W13: 4507.526
B14: System Stock by Type (thousands)
B15: Room | C15: 751 | D15: 776 | E15: 845 | F15: 796 | G15: 790 | H15: 827 | I15: 985.259 | J15: 965.256 | K15: 944 | L15: 881.219 | M15: 860.59 | N15: 818.571 | O15: 776.866 | P15: 745.543 | Q15: 703.681 | R15: 667.166 | S15: 630.574 | T15: 591.385 | U15: 554.832 | V15: 516.941 | W15: 479.07
B16: Central | C16: 1938 | D16: 2007 | E16: 2060 | F16: 2210 | G16: 2397 | H16: 2511 | I16: 2614.725 | J16: 2641.249 | K16: 2818 | L16: 2886.241 | M16: 2987.878 | N16: 3110.374 | O16: 3195.313 | P16: 3307.38 | Q16: 3411.098 | R16: 3509.601 | S16: 3617.493 | T16: 3718.604 | U16: 3821.801 | V16: 3926.302 | W16: 4028.456
B18: Shares (%)
B19: Room | C19: 27.928598 | D19: 27.883579 | E19: 29.08778 | F19: 26.480373 | G19: 24.788202 | H19: 24.775315 | I19: 27.368427 | J19: 26.764305 | K19: 25.093036 | L19: 23.390268 | M19: 22.361885 | N19: 20.834372 | O19: 19.557679 | P19: 18.395193 | Q19: 17.101307 | R19: 15.973264 | S19: 14.843787 | T19: 13.721265 | U19: 12.677142 | V19: 11.634318 | W19: 10.628225
B20: Central | C20: 72.071402 | D20: 72.116421 | E20: 70.91222 | F20: 73.519627 | G20: 75.211798 | H20: 75.224685 | I20: 72.631573 | J20: 73.235695 | K20: 74.906964 | L20: 76.609732 | M20: 77.638115 | N20: 79.165628 | O20: 80.442321 | P20: 81.604807 | Q20: 82.898693 | R20: 84.026736 | S20: 85.156213 | T20: 86.278735 | U20: 87.322858 | V20: 88.365682 | W20: 89.371775
B22: New Unit Efficiencies
B23: Room (EER)1 | C23: 9.35 | D23: 9.35 | E23: 9.35 | F23: 9.35 | G23: 9.35 | H23: 9.35 | I23: 10.9 | J23: 10.9 | K23: 10.9 | L23: 10.9 | M23: 12 | N23: 12 | O23: 12 | P23: 12 | Q23: 12 | R23: 12 | S23: 12 | T23: 12 | U23: 12 | V23: 12 | W23: 12
B24: Central (SEER)2 | C24: 10.3 | D24: 10.3 | E24: 10.3 | F24: 10.3 | G24: 10.3 | H24: 10.3 | I24: 13 | J24: 13 | K24: 13 | L24: 13 | M24: 13 | N24: 13 | O24: 13 | P24: 13 | Q24: 13 | R24: 13 | S24: 13 | T24: 13 | U24: 13 | V24: 13 | W24: 13
B26: Stock Efficiencies
B27: Room (EER)1 | C27: 8.254899 | D27: 8.407362 | E27: 8.572454 | F27: 8.753754 | G27: 8.927571 | H27: 9.087224 | I27: 9.496263 | J27: 9.793013 | K27: 9.99797 | L27: 10.143787 | M27: 10.41102 | N27: 10.646142 | O27: 10.847928 | P27: 11.018858 | Q27: 11.163881 | R27: 11.287237 | S27: 11.394585 | T27: 11.493143 | U27: 11.586477 | V27: 11.674761 | W27: 11.755246
B28: Central (SEER)2 | C28: 9.589709 | D28: 9.658639 | E28: 9.745656 | F28: 9.83946 | G28: 9.933486 | H28: 10.030915 | I28: 10.273658 | J28: 10.497527 | K28: 10.704959 | L28: 10.877649 | M28: 11.055011 | N28: 11.219062 | O28: 11.404554 | P28: 11.579781 | Q28: 11.734744 | R28: 11.914079 | S28: 12.101099 | T28: 12.287823 | U28: 12.48328 | V28: 12.667295 | W28: 12.824119
B30: Unit Capacity Ratio (Btu/hour)
B31: Room | C31: 9898 | D31: 9829 | E31: 9797 | F31: 9717 | G31: 9531 | H31: 9345 | I31: 9181 | J31: 9015 | K31: 9048 | L31: 9064 | M31: 9086 | N31: 9080 | O31: 9090 | P31: 9101 | Q31: 9111 | R31: 9121 | S31: 9132 | T31: 9142 | U31: 9152 | V31: 9162 | W31: 9172
B32: Central | C32: 33466 | D32: 33624 | E32: 33768 | F32: 33919 | G32: 33389 | H32: 32873 | I32: 32372 | J32: 31873 | K32: 31872 | L32: 31884 | M32: 31886 | N32: 33236 | O32: 33225 | P32: 33225 | Q32: 33220 | R32: 33215 | S32: 33213 | T32: 33208 | U32: 33205 | V32: 33202 | W32: 33199
A34: 1) Energy Efficiency Ratio.
A35: 2) Seasonal Energy Efficiency Ratio.
